<?xml version="1.0" encoding="UTF-8" standalone="yes"?>
<playerspawnpoints>
    <spawn_params>
        <min_dist_zombie>30.0</min_dist_zombie>
        <max_dist_zombie>70.0</max_dist_zombie>
        <min_dist_player>25.0</min_dist_player>
        <max_dist_player>70.0</max_dist_player>
        <min_dist_static>0.5</min_dist_static>
        <max_dist_static>2.0</max_dist_static>
    </spawn_params>

    <!-- generate params -->
    <!-- used when no file with generated points is found -->
    <generator_params>
        <grid_density>0.125</grid_density>
        <grid_width>40.0</grid_width>
        <grid_height>40.0</grid_height>
        <min_dist_water>4.0</min_dist_water>
        <max_dist_water>20.0</max_dist_water>
        <min_dist_static>0.5</min_dist_static>
        <max_dist_static>2.0</max_dist_static>
        <min_steepness>-0.785398163</min_steepness>
        <max_steepness>0.785398163</max_steepness>
    </generator_params>

    <generator_posbubbles>
		<pos x="8294.81" z="2915.43" />
		<pos x="6052.60" z="1868.23" />
		<pos x="8212.17" z="2781.53" />
		<pos x="6133.28" z="2021.43" />
		<pos x="10820.40" z="2257.40" />
		<pos x="9691.70" z="1750.40" />
		<pos x="9529.70" z="1791.20" />
		<pos x="9193.70" z="1935.70" />
		<pos x="6218.78" z="2113.35" />
		<pos x="11824.08" z="3381.01" />
		<pos x="10875.80" z="2518.90" />
		<pos x="10427.39" z="1921.14" />
		<pos x="8491.93" z="2458.95" />
		<pos x="8391.22" z="2412.53" />
		<pos x="8285.94" z="2404.75" />
		<pos x="8057.56" z="2807.67" />
		<pos x="10917.01" z="2615.05" />
		<pos x="8340.27" z="2558.35" />
		<pos x="8659.26" z="2220.42" />
		<pos x="10567.46" z="2031.55" />
		<pos x="7080.94" z="2482.06" />
		<pos x="8830.18" z="2145.05" />
		<pos x="7430.73" z="2589.35" />
		<pos x="10647.47" z="2100.81" />
		<pos x="10862.03" z="2380.13" />
		<pos x="9814.53" z="1781.71" />
		<pos x="7173.87" z="2555.93" />
		<pos x="9875.13" z="1763.90" />
		<pos x="9107.57" z="1918.01" />
		<pos x="9621.27" z="1722.75" />
		<pos x="8572.02" z="2302.69" />
    </generator_posbubbles>
</playerspawnpoints>




















	









