<?xml version="1.0" encoding="UTF-8" standalone="yes" ?>
<randompresets>
		<cargo chance="0.15" name="foodHermit">
				<item name="TunaCan" chance="0.11" />
				<item name="SardinesCan" chance="0.11" />
				<item name="Apple" chance="0.07" />
		</cargo>
		<cargo chance="0.35" name="foodVillage">
				<item name="SodaCan_Cola" chance="0.11" />
				<item name="SodaCan_Pipsi" chance="0.11" />
				<item name="SodaCan_Spite" chance="0.11" />
				<item name="TunaCan" chance="0.11" />
				<item name="SardinesCan" chance="0.11" />
				<item name="PeachesCan" chance="0.11" />
				<item name="SpaghettiCan" chance="0.11" />
				<item name="BakedBeansCan" chance="0.11" />
		</cargo>
		<cargo chance="0.25" name="foodCity"> <!--same as the one above - just preparing -->
				<item name="SodaCan_Cola" chance="0.11" />
				<item name="SodaCan_Pipsi" chance="0.11" />
				<item name="SodaCan_Spite" chance="0.11" />
				<item name="TunaCan" chance="0.11" />
				<item name="SardinesCan" chance="0.11" />
				<item name="PeachesCan" chance="0.11" />
				<item name="SpaghettiCan" chance="0.11" />
				<item name="BakedBeansCan" chance="0.11" />
		</cargo>
		<cargo chance="0.1" name="foodArmy">
				<item name="SodaCan_Cola" chance="0.05" />
				<item name="SodaCan_Pipsi" chance="0.05" />
				<item name="SodaCan_Spite" chance="0.05" />
				<item name="TunaCan" chance="0.1" />
				<item name="SardinesCan" chance="0.05" />
				<item name="PeachesCan" chance="0.05" />
				<item name="SpaghettiCan" chance="0.05" />
				<item name="BakedBeansCan" chance="0.05" />
				<item name="TacticalBaconCan" chance="0.1" />
				<item name="Canteen" chance="0.1" />
		</cargo>
		<cargo chance="0.15" name="toolsHermit">
				<item name="Matchbox" chance="0.07" />
				<item name="CanOpener" chance="0.05" />
				<item name="Rope" chance="0.07" />
				<item name="Rag" chance="0.07" />
				<item name="Hatchet" chance="0.07" />
				<item name="StoneKnife" chance="0.1" />
				<item name="HuntingKnife" chance="0.08" />
		</cargo>
		<cargo chance="0.2" name="toolsVillage">
				<item name="DuctTape" chance="0.07" />
				<item name="Battery9V" chance="0.07" />
				<item name="Matchbox" chance="0.07" />
				<item name="SewingKit" chance="0.07" />
				<item name="CanOpener" chance="0.05" />
				<item name="Rope" chance="0.07" />
				<item name="Rag" chance="0.07" />
				<item name="Flashlight" chance="0.07" />
		</cargo>
		<cargo chance="0.2" name="toolsCity"> <!--same as the one above - just preparing -->
				<item name="DuctTape" chance="0.07" />
				<item name="Battery9V" chance="0.07" />
				<item name="Matchbox" chance="0.07" />
				<item name="SewingKit" chance="0.07" />
				<item name="CanOpener" chance="0.05" />
				<item name="Rope" chance="0.07" />
				<item name="Rag" chance="0.07" />
				<item name="Flashlight" chance="0.07" />
		</cargo>
		<cargo chance="0.35" name="toolsMedic">
				<item name="Rag" chance="0.07" />
				<item name="SalineBag" chance="0.07" />
				<item name="BandageDressing" chance="0.14" />
				<item name="BloodBagEmpty" chance="0.1" />
				<item name="BloodTestKit" chance="0.05" />
				<item name="StartKitIV" chance="0.05" />
		</cargo>
		<cargo chance="0.15" name="toolsPolice">
				<item name="Paper" chance="0.3" />
				<item name="PersonalRadio" chance="0.1" />
				<item name="Flashlight" chance="0.1" />
				<item name="Roadflare" chance="0.2" />
				<item name="CombatKnife" chance="0.05" />
				<item name="Morphine" chance="0.05" />
				<item name="BandageDressing" chance="0.05" />
		</cargo>
		<cargo chance="0.15" name="toolsHunter">
				<item name="Paper" chance="0.1" />
				<item name="Flashlight" chance="0.1" />
				<item name="Matchbox" chance="0.15" />
				<item name="Roadflare" chance="0.2" />
				<item name="HuntingKnife" chance="0.05" />
				<item name="CanOpener" chance="0.05" />
				<item name="BandageDressing" chance="0.05" />
		</cargo>
		<cargo chance="0.35" name="toolsIndustrial">
				<item name="Pipe" chance="0.07" />
				<item name="Hatchet" chance="0.07" />
				<item name="Crowbar" chance="0.07" />
				<item name="Battery9V" chance="0.3" />
				<item name="Flashlight" chance="0.2" />
		</cargo>
		<cargo chance="0.15" name="ammoCivil">
				<item name="Ammo_380" chance="0.22" />
				<item name="AmmoBox_380_35Rnd" chance="0.08" />
				<item name="Ammo_9x19" chance="0.15" />
				<item name="AmmoBox_9x19_25Rnd" chance="0.08" />
				<item name="Ammo_762x39" chance="0.12" />
				<item name="AmmoBox_762x39_20Rnd" chance="0.02" />
				<item name="Ammo_762x54" chance="0.08" />
				<item name="AmmoBox_762x54_20Rnd" chance="0.02" />
		</cargo>
		<cargo chance="0.3" name="ammoPolice">
				<item name="Ammo_9x19" chance="0.3" />
				<item name="AmmoBox_9x19_25Rnd" chance="0.1" />
				<item name="Ammo_45ACP" chance="0.3" />
				<item name="AmmoBox_45ACP_25Rnd" chance="0.1" />
		</cargo>
		<cargo chance="0.25" name="ammoArmy">
				<item name="Ammo_45ACP" chance="0.2" />
				<item name="AmmoBox_45ACP_25Rnd" chance="0.05" />
				<item name="Ammo_762x39" chance="0.2" />
				<item name="AmmoBox_762x39_20Rnd" chance="0.05" />
				<item name="Ammo_762x54" chance="0.2" />
				<item name="AmmoBox_762x54_20Rnd" chance="0.05" />
		</cargo>
		<cargo chance="0.1" name="mixVillage">
				<item name="DuctTape" chance="0.07" />
				<item name="Battery9V" chance="0.07" />
				<item name="Paper" chance="0.3" />
				<item name="Flashlight" chance="0.1" />
				<item name="Matchbox" chance="0.07" />
				<item name="Roadflare" chance="0.2" />
				<item name="KitchenKnife" chance="0.05" />
				<item name="CanOpener" chance="0.05" />
				<item name="BandageDressing" chance="0.05" />
				<item name="Ammo_380" chance="0.22" />
				<item name="AmmoBox_380_35Rnd" chance="0.08" />
				<item name="Ammo_9x19" chance="0.15" />
				<item name="AmmoBox_9x19_25Rnd" chance="0.08" />
				<item name="Ammo_762x39" chance="0.12" />
				<item name="AmmoBox_762x39_20Rnd" chance="0.02" />
				<item name="Ammo_762x54" chance="0.08" />
				<item name="AmmoBox_762x54_20Rnd" chance="0.02" />
				<item name="SodaCan_Cola" chance="0.09" />
				<item name="SodaCan_Pipsi" chance="0.09" />
				<item name="SodaCan_Spite" chance="0.09" />
				<item name="TunaCan" chance="0.10" />
				<item name="SardinesCan" chance="0.09" />
				<item name="PeachesCan" chance="0.10" />
				<item name="SpaghettiCan" chance="0.09" />
				<item name="BakedBeansCan" chance="0.10" />
		</cargo>
		<cargo chance="0.1" name="mixHunter">
				<item name="Paper" chance="0.3" />
				<item name="Flashlight" chance="0.1" />
				<item name="Matchbox" chance="0.07" />
				<item name="Roadflare" chance="0.2" />
				<item name="HuntingKnife" chance="0.05" />
				<item name="CanOpener" chance="0.05" />
				<item name="BandageDressing" chance="0.05" />
				<item name="Ammo_380" chance="0.22" />
				<item name="AmmoBox_380_35Rnd" chance="0.08" />
				<item name="Ammo_9x19" chance="0.15" />
				<item name="AmmoBox_9x19_25Rnd" chance="0.08" />
				<item name="Ammo_762x39" chance="0.12" />
				<item name="AmmoBox_762x39_20Rnd" chance="0.02" />
				<item name="Ammo_762x54" chance="0.08" />
				<item name="AmmoBox_762x54_20Rnd" chance="0.02" />
				<item name="SodaCan_Cola" chance="0.09" />
				<item name="SodaCan_Pipsi" chance="0.09" />
				<item name="SodaCan_Spite" chance="0.08" />
				<item name="TunaCan" chance="0.10" />
				<item name="SardinesCan" chance="0.10" />
				<item name="PeachesCan" chance="0.10" />
				<item name="SpaghettiCan" chance="0.09" />
				<item name="BakedBeansCan" chance="0.09" />
		</cargo>
		<cargo chance="0.1" name="mixArmy">
				<item name="SodaCan_Cola" chance="0.05" />
				<item name="SodaCan_Pipsi" chance="0.05" />
				<item name="SodaCan_Spite" chance="0.05" />
				<item name="TunaCan" chance="0.1" />
				<item name="SardinesCan" chance="0.05" />
				<item name="PeachesCan" chance="0.05" />
				<item name="SpaghettiCan" chance="0.05" />
				<item name="BakedBeansCan" chance="0.05" />
				<item name="TacticalBaconCan" chance="0.1" />
				<item name="Canteen" chance="0.1" />
				<item name="Ammo_45ACP" chance="0.2" />
				<item name="AmmoBox_45ACP_25Rnd" chance="0.05" />
				<item name="Ammo_762x39" chance="0.2" />
				<item name="AmmoBox_762x39_20Rnd" chance="0.05" />
				<item name="Ammo_762x54" chance="0.2" />
				<item name="AmmoBox_762x54_20Rnd" chance="0.05" />
		</cargo>
		<cargo chance="0.04" name="grenades">
				<item name="RDG2SmokeGrenade_White" chance="0.25" />
				<item name="FlashGrenade" chance="0.25" />
				<item name="RDG2SmokeGrenade_Black" chance="0.25" />
				<item name="RDG5Grenade" chance="0.25" />
		</cargo>
		<attachments chance="0.10" name="optics">
				<item name="M4_T3NRDSOptic" chance="0.20" />
				<item name="ACOGOptic" chance="0.20" />
				<item name="M68Optic" chance="0.20" />
				<item name="BUISOptic" chance="0.20" />
				<item name="ReflexOptic" chance="0.20" />
		</attachments>
</randompresets>