<?xml version="1.0" encoding="UTF-8" standalone="yes"?>
<events>
    <!-- Vanilla Tweaks -->
    <event name="VehicleCivilianSedan">
        <nominal>10</nominal>
        <min>7</min>
        <max>13</max>
        <lifetime>300</lifetime>
        <restock>0</restock>
        <saferadius>500</saferadius>
        <distanceradius>500</distanceradius>
        <cleanupradius>200</cleanupradius>
        <flags deletable="0" init_random="0" remove_damaged="1"/>
        <position>fixed</position>
        <limit>mixed</limit>
        <active>1</active>
        <children>
            <child lootmax="0" lootmin="0" max="15" min="9" type="CivilianSedan"/>
        </children>
    </event>
    <event name="VehicleHatchback02">
        <nominal>10</nominal>
        <min>7</min>
        <max>13</max>
        <lifetime>300</lifetime>
        <restock>0</restock>
        <saferadius>500</saferadius>
        <distanceradius>500</distanceradius>
        <cleanupradius>200</cleanupradius>
        <flags deletable="0" init_random="0" remove_damaged="1"/>
        <position>fixed</position>
        <limit>mixed</limit>
        <active>1</active>
        <children>
            <child lootmax="0" lootmin="0" max="15" min="9" type="Hatchback_02"/>
        </children>
    </event>
    <event name="VehicleOffroadHatchback">
        <nominal>10</nominal>
        <min>7</min>
        <max>13</max>
        <lifetime>300</lifetime>
        <restock>0</restock>
        <saferadius>500</saferadius>
        <distanceradius>500</distanceradius>
        <cleanupradius>200</cleanupradius>
        <flags deletable="0" init_random="0" remove_damaged="1"/>
        <position>fixed</position>
        <limit>mixed</limit>
        <active>1</active>
        <children>
            <child lootmax="0" lootmin="0" max="15" min="9" type="OffroadHatchback"/>
        </children>
    </event>
    <event name="VehicleSedan02">
        <nominal>10</nominal>
        <min>7</min>
        <max>13</max>
        <lifetime>300</lifetime>
        <restock>0</restock>
        <saferadius>500</saferadius>
        <distanceradius>500</distanceradius>
        <cleanupradius>200</cleanupradius>
        <flags deletable="0" init_random="0" remove_damaged="1"/>
        <position>fixed</position>
        <limit>mixed</limit>
        <active>1</active>
        <children>
            <child lootmax="0" lootmin="0" max="15" min="9" type="Sedan_02"/>
        </children>
    </event>
    <!-- Expansion content -->
    <!-- CARS -->
	<event name="VehicleUAZ">
        <nominal>5</nominal>
        <min>1</min>
        <max>7</max>
        <lifetime>300</lifetime>
        <restock>0</restock>
        <saferadius>500</saferadius>
        <distanceradius>500</distanceradius>
        <cleanupradius>200</cleanupradius>
        <flags deletable="0" init_random="0" remove_damaged="1"/>
        <position>fixed</position>
        <limit>mixed</limit>
        <active>1</active>
        <children>
            <child lootmax="0" lootmin="0" max="7" min="1" type="ExpansionUAZ"/>
			<child lootmax="0" lootmin="0" max="7" min="1" type="ExpansionUAZRoofless"/>
			<child lootmax="0" lootmin="0" max="7" min="1" type="ExpansionUAZCargo"/>
			<child lootmax="0" lootmin="0" max="7" min="1" type="ExpansionUAZCargoRoofless"/>
        </children>
    </event>
	<event name="VehicleVodnik">
        <nominal>1</nominal>
        <min>1</min>
        <max>2</max>
        <lifetime>300</lifetime>
        <restock>0</restock>
        <saferadius>500</saferadius>
        <distanceradius>500</distanceradius>
        <cleanupradius>200</cleanupradius>
        <flags deletable="0" init_random="0" remove_damaged="1"/>
        <position>fixed</position>
        <limit>mixed</limit>
        <active>1</active>
        <children>
            <child lootmax="0" lootmin="0" max="2" min="1" type="ExpansionVodnik"/>
        </children>
    </event>
	<event name="VehicleBus">
        <nominal>1</nominal>
        <min>0</min>
        <max>1</max>
        <lifetime>300</lifetime>
        <restock>0</restock>
        <saferadius>500</saferadius>
        <distanceradius>500</distanceradius>
        <cleanupradius>200</cleanupradius>
        <flags deletable="0" init_random="0" remove_damaged="1"/>
        <position>fixed</position>
        <limit>mixed</limit>
        <active>1</active>
        <children>
            <child lootmax="0" lootmin="0" max="1" min="1" type="ExpansionBus"/>
        </children>
    </event>
    <event name="VehicleTractor">
        <nominal>4</nominal>
        <min>1</min>
        <max>5</max>
        <lifetime>300</lifetime>
        <restock>0</restock>
        <saferadius>500</saferadius>
        <distanceradius>500</distanceradius>
        <cleanupradius>200</cleanupradius>
        <flags deletable="0" init_random="0" remove_damaged="1"/>
        <position>fixed</position>
        <limit>mixed</limit>
        <active>1</active>
        <children>
            <child lootmax="0" lootmin="0" max="5" min="1" type="ExpansionTractor"/>
        </children>
    </event>
	<!-- HELICOPTERS -->
	<event name="VehicleMH6Helicopter">
        <nominal>2</nominal>
        <min>1</min>
        <max>3</max>
        <lifetime>300</lifetime>
        <restock>0</restock>
        <saferadius>500</saferadius>
        <distanceradius>500</distanceradius>
        <cleanupradius>200</cleanupradius>
        <flags deletable="0" init_random="0" remove_damaged="1"/>
        <position>fixed</position>
        <limit>mixed</limit>
        <active>1</active>
        <children>
            <child lootmax="0" lootmin="0" max="2" min="1" type="ExpansionMh6"/>
        </children>
    </event>
	<event name="VehicleMerlinHelicopter">
        <nominal>1</nominal>
        <min>0</min>
        <max>1</max>
        <lifetime>300</lifetime>
        <restock>0</restock>
        <saferadius>500</saferadius>
        <distanceradius>500</distanceradius>
        <cleanupradius>200</cleanupradius>
        <flags deletable="0" init_random="0" remove_damaged="1"/>
        <position>fixed</position>
        <limit>mixed</limit>
        <active>1</active>
        <children>
            <child lootmax="0" lootmin="0" max="1" min="1" type="ExpansionMerlin"/>
        </children>
    </event>
	<event name="VehicleUh1hHelicopter">
        <nominal>2</nominal>
        <min>1</min>
        <max>3</max>
        <lifetime>300</lifetime>
        <restock>0</restock>
        <saferadius>500</saferadius>
        <distanceradius>500</distanceradius>
        <cleanupradius>200</cleanupradius>
        <flags deletable="0" init_random="0" remove_damaged="1"/>
        <position>fixed</position>
        <limit>mixed</limit>
        <active>1</active>
        <children>
            <child lootmax="0" lootmin="0" max="3" min="1" type="ExpansionUh1h"/>
        </children>
    </event>
	<!-- BOATS -->
	<event name="VehicleUtilityBoat">
        <nominal>3</nominal>
        <min>1</min>
        <max>4</max>
        <lifetime>300</lifetime>
        <restock>0</restock>
        <saferadius>500</saferadius>
        <distanceradius>500</distanceradius>
        <cleanupradius>200</cleanupradius>
        <flags deletable="0" init_random="0" remove_damaged="1"/>
        <position>fixed</position>
        <limit>mixed</limit>
        <active>1</active>
        <children>
            <child lootmax="0" lootmin="0" max="4" min="1" type="ExpansionUtilityBoat"/>
        </children>
    </event>
	<event name="VehicleZodiacBoat">
        <nominal>16</nominal>
        <min>1</min>
        <max>19</max>
        <lifetime>300</lifetime>
        <restock>0</restock>
        <saferadius>500</saferadius>
        <distanceradius>500</distanceradius>
        <cleanupradius>200</cleanupradius>
        <flags deletable="0" init_random="0" remove_damaged="1"/>
        <position>fixed</position>
        <limit>mixed</limit>
        <active>1</active>
        <children>
            <child lootmax="0" lootmin="0" max="19" min="1" type="ExpansionZodiacBoat"/>
        </children>
    </event>
	<!-- PLANES -->
	<event name="VehicleAn2Plane">
        <nominal>1</nominal>
        <min>0</min>
        <max>1</max>
        <lifetime>300</lifetime>
        <restock>0</restock>
        <saferadius>500</saferadius>
        <distanceradius>500</distanceradius>
        <cleanupradius>200</cleanupradius>
        <flags deletable="0" init_random="0" remove_damaged="1"/>
        <position>fixed</position>
        <limit>mixed</limit>
        <active>0</active>
        <children>
            <child lootmax="0" lootmin="0" max="1" min="1" type="ExpansionAn2"/>
        </children>
    </event>
	<event name="VehicleC130JPlane">
        <nominal>1</nominal>
        <min>0</min>
        <max>1</max>
        <lifetime>300</lifetime>
        <restock>0</restock>
        <saferadius>500</saferadius>
        <distanceradius>500</distanceradius>
        <cleanupradius>200</cleanupradius>
        <flags deletable="0" init_random="0" remove_damaged="1"/>
        <position>fixed</position>
        <limit>mixed</limit>
        <active>0</active>
        <children>
            <child lootmax="0" lootmin="0" max="1" min="1" type="ExpansionC130J"/>
        </children>
    </event>
    <!-- ANIMALS -->
	<event name="AmbientHare">
        <nominal>3</nominal>
        <min>0</min>
        <max>50</max>
        <lifetime>33</lifetime>
        <restock>15</restock>
        <saferadius>40</saferadius>
        <distanceradius>0</distanceradius>
        <cleanupradius>0</cleanupradius>
        <flags deletable="0" init_random="0" remove_damaged="0"/>
        <position>fixed</position>
        <limit>mixed</limit>
        <active>1</active>
        <children>
            <child lootmax="0" lootmin="0" max="4" min="1" type="Animal_LepusEuropaeus"/>
        </children>
    </event>
</events>