<?xml version="1.0" encoding="UTF-8"?>
<territory-type>
    <territory color="2147461887">
        <zone name="Zone_hen" smin="0" smax="0" dmin="0" dmax="0" x="10706.3" z="8081.25" r="150"/>
    </territory>
    <territory color="2147464456">
        <zone name="Zone_hen" smin="0" smax="0" dmin="0" dmax="0" x="3371.25" z="4927.5" r="120"/>
    </territory>
    <territory color="2102766207">
        <zone name="Zone_hen" smin="0" smax="0" dmin="0" dmax="0" x="198.75" z="12500" r="82.5"/>
        <zone name="Zone_hen" smin="0" smax="0" dmin="0" dmax="0" x="783.75" z="12200" r="82.5"/>
    </territory>
    <territory color="2141891327">
        <zone name="Zone_hen" smin="0" smax="0" dmin="0" dmax="0" x="2994.29" z="6726.43" r="105"/>
    </territory>
    <territory color="2147439999">
        <zone name="Zone_hen" smin="0" smax="0" dmin="0" dmax="0" x="4943.33" z="15110" r="127.5"/>
        <zone name="Zone_hen" smin="0" smax="0" dmin="0" dmax="0" x="4698.57" z="15092.4" r="105"/>
        <zone name="Zone_hen" smin="0" smax="0" dmin="0" dmax="0" x="4522.5" z="15247.5" r="75"/>
        <zone name="Zone_hen" smin="0" smax="0" dmin="0" dmax="0" x="5160" z="15023.3" r="105"/>
        <zone name="Zone_hen" smin="0" smax="0" dmin="0" dmax="0" x="5697.21" z="14871.4" r="80"/>
    </territory>
    <territory color="2136277247">
        <zone name="Zone_hen" smin="0" smax="0" dmin="0" dmax="0" x="2562.61" z="14845.4" r="75"/>
        <zone name="Zone_hen" smin="0" smax="0" dmin="0" dmax="0" x="2251.5" z="15231" r="75"/>
        <zone name="Zone_hen" smin="0" smax="0" dmin="0" dmax="0" x="2043" z="15076.5" r="110"/>
        <zone name="Zone_hen" smin="0" smax="0" dmin="0" dmax="0" x="2964" z="15163.5" r="110"/>
        <zone name="Zone_hen" smin="0" smax="0" dmin="0" dmax="0" x="3415.71" z="14828.6" r="80"/>
        <zone name="Zone_hen" smin="0" smax="0" dmin="0" dmax="0" x="3876.43" z="15201.4" r="90"/>
    </territory>
    <territory color="2147549183">
        <zone name="Zone_hen" smin="0" smax="0" dmin="0" dmax="0" x="3607.5" z="6945" r="82.5"/>
    </territory>
    <territory color="2147440127">
        <zone name="Zone_hen" smin="0" smax="0" dmin="0" dmax="0" x="10113.8" z="5490" r="127.5"/>
        <zone name="Zone_hen" smin="0" smax="0" dmin="0" dmax="0" x="9909.38" z="5478.75" r="70"/>
        <zone name="Zone_hen" smin="0" smax="0" dmin="0" dmax="0" x="10331.3" z="5531.25" r="82.5"/>
        <zone name="Zone_hen" smin="0" smax="0" dmin="0" dmax="0" x="10276.9" z="5734.38" r="75"/>
    </territory>
    <territory color="1873455743">
        <zone name="Zone_hen" smin="0" smax="0" dmin="0" dmax="0" x="11253.3" z="14411.7" r="110"/>
        <zone name="Zone_hen" smin="0" smax="0" dmin="0" dmax="0" x="10633.3" z="14396.7" r="110"/>
        <zone name="Zone_hen" smin="0" smax="0" dmin="0" dmax="0" x="11456.7" z="14856.7" r="90"/>
        <zone name="Zone_hen" smin="0" smax="0" dmin="0" dmax="0" x="11465.4" z="14420.2" r="90"/>
    </territory>
    <territory color="2158668288">
        <zone name="Zone_hen" smin="0" smax="0" dmin="0" dmax="0" x="13342.9" z="12943.3" r="100"/>
        <zone name="Zone_hen" smin="0" smax="0" dmin="0" dmax="0" x="13198.1" z="13093.1" r="80"/>
    </territory>
    <territory color="2136276992">
        <zone name="Zone_hen" smin="0" smax="0" dmin="0" dmax="0" x="2033.21" z="7368.45" r="127.5"/>
        <zone name="Zone_hen" smin="0" smax="0" dmin="0" dmax="0" x="1974.55" z="7056.36" r="80"/>
        <zone name="Zone_hen" smin="0" smax="0" dmin="0" dmax="0" x="1919.66" z="7561.36" r="80"/>
    </territory>
    <territory color="2153119743">
        <zone name="Zone_hen" smin="0" smax="0" dmin="0" dmax="0" x="9286.5" z="8844" r="80"/>
        <zone name="Zone_hen" smin="0" smax="0" dmin="0" dmax="0" x="9525" z="8815.5" r="120"/>
        <zone name="Zone_hen" smin="0" smax="0" dmin="0" dmax="0" x="9757.5" z="8809.5" r="100"/>
    </territory>
    <territory color="2063641088">
        <zone name="Zone_hen" smin="0" smax="0" dmin="0" dmax="0" x="14116.9" z="13042.5" r="82.5"/>
        <zone name="Zone_hen" smin="0" smax="0" dmin="0" dmax="0" x="13737.9" z="13328.6" r="100"/>
        <zone name="Zone_hen" smin="0" smax="0" dmin="0" dmax="0" x="13922.1" z="13099.3" r="82.5"/>
    </territory>
    <territory color="2197771520">
        <zone name="Zone_hen" smin="0" smax="0" dmin="0" dmax="0" x="5038.93" z="12987.9" r="142.5"/>
        <zone name="Zone_hen" smin="0" smax="0" dmin="0" dmax="0" x="4538.93" z="13156.6" r="97.5"/>
        <zone name="Zone_hen" smin="0" smax="0" dmin="0" dmax="0" x="5196.43" z="12651.6" r="75"/>
        <zone name="Zone_hen" smin="0" smax="0" dmin="0" dmax="0" x="5436.43" z="12632.9" r="100"/>
        <zone name="Zone_hen" smin="0" smax="0" dmin="0" dmax="0" x="4791.43" z="13010.4" r="75"/>
        <zone name="Zone_hen" smin="0" smax="0" dmin="0" dmax="0" x="4960.18" z="12776.6" r="75"/>
        <zone name="Zone_hen" smin="0" smax="0" dmin="0" dmax="0" x="4482.5" z="13352.5" r="70"/>
    </territory>
    <territory color="2147527168">
        <zone name="Zone_hen" smin="0" smax="0" dmin="0" dmax="0" x="8014.5" z="3405" r="120"/>
        <zone name="Zone_hen" smin="0" smax="0" dmin="0" dmax="0" x="8200.5" z="3233" r="120"/>
        <zone name="Zone_hen" smin="0" smax="0" dmin="0" dmax="0" x="8737.5" z="2372.5" r="127.5"/>
        <zone name="Zone_hen" smin="0" smax="0" dmin="0" dmax="0" x="6295.36" z="2490" r="60"/>
        <zone name="Zone_hen" smin="0" smax="0" dmin="0" dmax="0" x="6222.5" z="2179.29" r="110"/>
        <zone name="Zone_hen" smin="0" smax="0" dmin="0" dmax="0" x="7574.89" z="3531.56" r="80"/>
        <zone name="Zone_hen" smin="0" smax="0" dmin="0" dmax="0" x="6142.5" z="2905" r="105"/>
        <zone name="Zone_hen" smin="0" smax="0" dmin="0" dmax="0" x="5995" z="3335" r="97.5"/>
        <zone name="Zone_hen" smin="0" smax="0" dmin="0" dmax="0" x="6570.81" z="3031.15" r="75"/>
        <zone name="Zone_hen" smin="0" smax="0" dmin="0" dmax="0" x="6007.5" z="3165" r="75"/>
        <zone name="Zone_hen" smin="0" smax="0" dmin="0" dmax="0" x="6294.82" z="3737.73" r="80"/>
    </territory>
    <territory color="2141913087">
        <zone name="Zone_hen" smin="0" smax="0" dmin="0" dmax="0" x="9401.25" z="14626.3" r="120"/>
        <zone name="Zone_hen" smin="0" smax="0" dmin="0" dmax="0" x="9147.5" z="14520" r="100"/>
        <zone name="Zone_hen" smin="0" smax="0" dmin="0" dmax="0" x="9598.75" z="14749.4" r="70"/>
    </territory>
    <territory color="2097173760">
        <zone name="Zone_hen" smin="0" smax="0" dmin="0" dmax="0" x="12286.5" z="10900.5" r="127.5"/>
        <zone name="Zone_hen" smin="0" smax="0" dmin="0" dmax="0" x="12255" z="10630.5" r="90"/>
    </territory>
    <territory color="2147505535">
        <zone name="Zone_hen" smin="0" smax="0" dmin="0" dmax="0" x="12430" z="14830" r="105"/>
        <zone name="Zone_hen" smin="0" smax="0" dmin="0" dmax="0" x="12961.3" z="14518.8" r="105"/>
        <zone name="Zone_hen" smin="0" smax="0" dmin="0" dmax="0" x="12785" z="14670" r="97.5"/>
        <zone name="Zone_hen" smin="0" smax="0" dmin="0" dmax="0" x="12598.8" z="14726.3" r="82.5"/>
    </territory>
    <territory color="2147548928">
        <zone name="Zone_hen" smin="0" smax="0" dmin="0" dmax="0" x="15127.5" z="13865" r="82.5"/>
        <zone name="Zone_hen" smin="0" smax="0" dmin="0" dmax="0" x="14594.3" z="14016.4" r="75"/>
        <zone name="Zone_hen" smin="0" smax="0" dmin="0" dmax="0" x="14775.7" z="14031.6" r="75"/>
    </territory>
    <territory color="2097173760">
        <zone name="Zone_hen" smin="0" smax="0" dmin="0" dmax="0" x="3826.33" z="2562" r="90"/>
        <zone name="Zone_hen" smin="0" smax="0" dmin="0" dmax="0" x="3450.5" z="2483.83" r="75"/>
        <zone name="Zone_hen" smin="0" smax="0" dmin="0" dmax="0" x="3631.67" z="2455" r="110"/>
    </territory>
    <territory color="2158690175">
        <zone name="Zone_hen" smin="0" smax="0" dmin="0" dmax="0" x="4682.14" z="4701.43" r="90"/>
        <zone name="Zone_hen" smin="0" smax="0" dmin="0" dmax="0" x="4399.29" z="4645.71" r="112.5"/>
        <zone name="Zone_hen" smin="0" smax="0" dmin="0" dmax="0" x="4390.71" z="3964.29" r="105"/>
    </territory>
    <territory color="2130771712">
        <zone name="Zone_hen" smin="0" smax="0" dmin="0" dmax="0" x="12840.7" z="4441.36" r="90"/>
        <zone name="Zone_hen" smin="0" smax="0" dmin="0" dmax="0" x="12638.9" z="4399.09" r="90"/>
    </territory>
    <territory color="2136320767">
        <zone name="Zone_hen" smin="0" smax="0" dmin="0" dmax="0" x="12096.6" z="7253.57" r="120"/>
        <zone name="Zone_hen" smin="0" smax="0" dmin="0" dmax="0" x="12292.4" z="7320" r="82.5"/>
    </territory>
    <territory color="2136298752">
        <zone name="Zone_hen" smin="0" smax="0" dmin="0" dmax="0" x="3013.93" z="7748.57" r="150"/>
        <zone name="Zone_hen" smin="0" smax="0" dmin="0" dmax="0" x="3124.29" z="8036.79" r="120"/>
        <zone name="Zone_hen" smin="0" smax="0" dmin="0" dmax="0" x="3214.29" z="7850.36" r="75"/>
    </territory>
    <territory color="1716911872">
        <zone name="Zone_hen" smin="0" smax="0" dmin="0" dmax="0" x="6184.29" z="7637.14" r="150"/>
        <zone name="Zone_hen" smin="0" smax="0" dmin="0" dmax="0" x="5982.86" z="7808.57" r="110"/>
    </territory>
    <territory color="2147549055">
        <zone name="Zone_hen" smin="0" smax="0" dmin="0" dmax="0" x="3310" z="3954.17" r="120"/>
        <zone name="Zone_hen" smin="0" smax="0" dmin="0" dmax="0" x="3111.67" z="4011.67" r="80"/>
    </territory>
    <territory color="2141891199">
        <zone name="Zone_hen" smin="0" smax="0" dmin="0" dmax="0" x="2572.5" z="3457.5" r="75"/>
        <zone name="Zone_hen" smin="0" smax="0" dmin="0" dmax="0" x="2762.25" z="3103.88" r="80"/>
    </territory>
    <territory color="2147483647">
        <zone name="Zone_hen" smin="0" smax="0" dmin="0" dmax="0" x="12909.5" z="8074.77" r="127.5"/>
        <zone name="Zone_hen" smin="0" smax="0" dmin="0" dmax="0" x="12942.3" z="8295" r="90"/>
        <zone name="Zone_hen" smin="0" smax="0" dmin="0" dmax="0" x="12300" z="8437.5" r="100"/>
    </territory>
    <territory color="2158690303">
        <zone name="Zone_hen" smin="0" smax="0" dmin="0" dmax="0" x="2527.5" z="6375" r="120"/>
    </territory>
    <territory color="2158646783">
        <zone name="Zone_hen" smin="0" smax="0" dmin="0" dmax="0" x="4717.5" z="6795" r="135"/>
    </territory>
    <territory color="2108315007">
        <zone name="Zone_hen" smin="0" smax="0" dmin="0" dmax="0" x="544.417" z="5291.75" r="90"/>
        <zone name="Zone_hen" smin="0" smax="0" dmin="0" dmax="0" x="455.417" z="5138.75" r="60"/>
        <zone name="Zone_hen" smin="0" smax="0" dmin="0" dmax="0" x="678.751" z="5671.25" r="75"/>
    </territory>
    <territory color="2158625023">
        <zone name="Zone_hen" smin="0" smax="0" dmin="0" dmax="0" x="4920" z="5658" r="110"/>
        <zone name="Zone_hen" smin="0" smax="0" dmin="0" dmax="0" x="5254.5" z="5509.5" r="75"/>
    </territory>
    <territory color="2164195328">
        <zone name="Zone_hen" smin="0" smax="0" dmin="0" dmax="0" x="10171.1" z="2405.25" r="100"/>
        <zone name="Zone_hen" smin="0" smax="0" dmin="0" dmax="0" x="9552.5" z="1883.75" r="80"/>
        <zone name="Zone_hen" smin="0" smax="0" dmin="0" dmax="0" x="9987.92" z="2166.88" r="82.5"/>
        <zone name="Zone_hen" smin="0" smax="0" dmin="0" dmax="0" x="9808.39" z="2196.88" r="82.5"/>
        <zone name="Zone_hen" smin="0" smax="0" dmin="0" dmax="0" x="9741.28" z="1815.86" r="75"/>
        <zone name="Zone_hen" smin="0" smax="0" dmin="0" dmax="0" x="10158" z="2223" r="80"/>
        <zone name="Zone_hen" smin="0" smax="0" dmin="0" dmax="0" x="10488" z="2041.5" r="80"/>
        <zone name="Zone_hen" smin="0" smax="0" dmin="0" dmax="0" x="10627.5" z="2341.5" r="80"/>
        <zone name="Zone_hen" smin="0" smax="0" dmin="0" dmax="0" x="10800" z="2497.5" r="70"/>
        <zone name="Zone_hen" smin="0" smax="0" dmin="0" dmax="0" x="10340" z="2796.67" r="70"/>
        <zone name="Zone_hen" smin="0" smax="0" dmin="0" dmax="0" x="10255" z="2920" r="70"/>
        <zone name="Zone_hen" smin="0" smax="0" dmin="0" dmax="0" x="9991.67" z="2610" r="70"/>
        <zone name="Zone_hen" smin="0" smax="0" dmin="0" dmax="0" x="10320" z="3517.5" r="70"/>
    </territory>
    <territory color="2141847679">
        <zone name="Zone_hen" smin="0" smax="0" dmin="0" dmax="0" x="5884.5" z="4788" r="127.5"/>
        <zone name="Zone_hen" smin="0" smax="0" dmin="0" dmax="0" x="6054" z="4905" r="75"/>
    </territory>
    <territory color="2147418367">
        <zone name="Zone_hen" smin="0" smax="0" dmin="0" dmax="0" x="6461.67" z="14972.5" r="100"/>
        <zone name="Zone_hen" smin="0" smax="0" dmin="0" dmax="0" x="6784.17" z="15120.8" r="75"/>
    </territory>
    <territory color="1755971584">
        <zone name="Zone_hen" smin="0" smax="0" dmin="0" dmax="0" x="9982.5" z="10376.3" r="110"/>
        <zone name="Zone_hen" smin="0" smax="0" dmin="0" dmax="0" x="9680.25" z="10429.5" r="90"/>
    </territory>
    <territory color="2164217215">
        <zone name="Zone_hen" smin="0" smax="0" dmin="0" dmax="0" x="1531.88" z="12018.8" r="127.5"/>
        <zone name="Zone_hen" smin="0" smax="0" dmin="0" dmax="0" x="1294.13" z="12022.5" r="90"/>
        <zone name="Zone_hen" smin="0" smax="0" dmin="0" dmax="0" x="1897.13" z="12000.8" r="105"/>
        <zone name="Zone_hen" smin="0" smax="0" dmin="0" dmax="0" x="2169.38" z="12300" r="75"/>
    </territory>
    <territory color="2130706559">
        <zone name="Zone_hen" smin="0" smax="0" dmin="0" dmax="0" x="13559.5" z="13991.5" r="80"/>
        <zone name="Zone_hen" smin="0" smax="0" dmin="0" dmax="0" x="13300.9" z="14495.5" r="70"/>
    </territory>
    <territory color="2158690048">
        <zone name="Zone_hen" smin="0" smax="0" dmin="0" dmax="0" x="14049" z="15082.5" r="105"/>
        <zone name="Zone_hen" smin="0" smax="0" dmin="0" dmax="0" x="14185.5" z="14902.5" r="82.5"/>
        <zone name="Zone_hen" smin="0" smax="0" dmin="0" dmax="0" x="14359.5" z="14815.5" r="70"/>
    </territory>
    <territory color="2158624768">
        <zone name="Zone_hen" smin="0" smax="0" dmin="0" dmax="0" x="4474.29" z="2610" r="150"/>
        <zone name="Zone_hen" smin="0" smax="0" dmin="0" dmax="0" x="4536.96" z="2336.52" r="100"/>
        <zone name="Zone_hen" smin="0" smax="0" dmin="0" dmax="0" x="4899.91" z="2814.11" r="97.5"/>
        <zone name="Zone_hen" smin="0" smax="0" dmin="0" dmax="0" x="5186.79" z="2101.61" r="82.5"/>
        <zone name="Zone_hen" smin="0" smax="0" dmin="0" dmax="0" x="4357.5" z="2407.5" r="75"/>
        <zone name="Zone_hen" smin="0" smax="0" dmin="0" dmax="0" x="4422.86" z="2907.86" r="75"/>
    </territory>
    <territory color="2147483903">
        <zone name="Zone_hen" smin="0" smax="0" dmin="0" dmax="0" x="2690" z="5046.67" r="120"/>
        <zone name="Zone_hen" smin="0" smax="0" dmin="0" dmax="0" x="2630.83" z="5562.5" r="112.5"/>
        <zone name="Zone_hen" smin="0" smax="0" dmin="0" dmax="0" x="2793.33" z="5432.5" r="90"/>
        <zone name="Zone_hen" smin="0" smax="0" dmin="0" dmax="0" x="2918.33" z="5567.5" r="90"/>
        <zone name="Zone_hen" smin="0" smax="0" dmin="0" dmax="0" x="2513.33" z="5397.5" r="82.5"/>
        <zone name="Zone_hen" smin="0" smax="0" dmin="0" dmax="0" x="3185.83" z="5197.5" r="75"/>
        <zone name="Zone_hen" smin="0" smax="0" dmin="0" dmax="0" x="1763.33" z="5067.5" r="100"/>
    </territory>
    <territory color="2147483775">
        <zone name="Zone_hen" smin="0" smax="0" dmin="0" dmax="0" x="7568.57" z="5191.07" r="127.5"/>
        <zone name="Zone_hen" smin="0" smax="0" dmin="0" dmax="0" x="7526.79" z="4953.21" r="105"/>
        <zone name="Zone_hen" smin="0" smax="0" dmin="0" dmax="0" x="8427.86" z="4961.79" r="90"/>
    </territory>
    <territory color="2158690303">
        <zone name="Zone_hen" smin="0" smax="0" dmin="0" dmax="0" x="8728.5" z="11656.5" r="120"/>
        <zone name="Zone_hen" smin="0" smax="0" dmin="0" dmax="0" x="8482.5" z="12022.5" r="105"/>
        <zone name="Zone_hen" smin="0" smax="0" dmin="0" dmax="0" x="8631" z="11874" r="75"/>
        <zone name="Zone_hen" smin="0" smax="0" dmin="0" dmax="0" x="8185.5" z="12246" r="90"/>
        <zone name="Zone_hen" smin="0" smax="0" dmin="0" dmax="0" x="8142" z="11562" r="100"/>
        <zone name="Zone_hen" smin="0" smax="0" dmin="0" dmax="0" x="7833.33" z="11513.3" r="80"/>
    </territory>
    <territory color="2192200960">
        <zone name="Zone_hen" smin="0" smax="0" dmin="0" dmax="0" x="5421.82" z="3814.77" r="82.5"/>
        <zone name="Zone_hen" smin="0" smax="0" dmin="0" dmax="0" x="5238.41" z="3677.73" r="75"/>
        <zone name="Zone_hen" smin="0" smax="0" dmin="0" dmax="0" x="5850" z="3969" r="82.5"/>
        <zone name="Zone_hen" smin="0" smax="0" dmin="0" dmax="0" x="5186.25" z="4173.75" r="100"/>
    </territory>
    <territory color="2153054335">
        <zone name="Zone_hen" smin="0" smax="0" dmin="0" dmax="0" x="3846.43" z="8830.71" r="150"/>
        <zone name="Zone_hen" smin="0" smax="0" dmin="0" dmax="0" x="3658.93" z="8573.57" r="82.5"/>
        <zone name="Zone_hen" smin="0" smax="0" dmin="0" dmax="0" x="4430.6" z="9321.79" r="70"/>
        <zone name="Zone_hen" smin="0" smax="0" dmin="0" dmax="0" x="3835.71" z="9084.64" r="100"/>
        <zone name="Zone_hen" smin="0" smax="0" dmin="0" dmax="0" x="4078.93" z="9139.29" r="75"/>
        <zone name="Zone_hen" smin="0" smax="0" dmin="0" dmax="0" x="3100" z="9207.5" r="75"/>
    </territory>
    <territory color="2141847807">
        <zone name="Zone_hen" smin="0" smax="0" dmin="0" dmax="0" x="6223.39" z="12714.1" r="120"/>
        <zone name="Zone_hen" smin="0" smax="0" dmin="0" dmax="0" x="6430.71" z="12714.6" r="90"/>
        <zone name="Zone_hen" smin="0" smax="0" dmin="0" dmax="0" x="6816.43" z="12558.2" r="82.5"/>
    </territory>
    <territory color="2136320512">
        <zone name="Zone_hen" smin="0" smax="0" dmin="0" dmax="0" x="8277.86" z="6985.93" r="70"/>
        <zone name="Zone_hen" smin="0" smax="0" dmin="0" dmax="0" x="8424.64" z="6633.21" r="110"/>
        <zone name="Zone_hen" smin="0" smax="0" dmin="0" dmax="0" x="7789.29" z="6908.57" r="70"/>
    </territory>
    <territory color="2113885440">
        <zone name="Zone_hen" smin="0" smax="0" dmin="0" dmax="0" x="6570" z="6090" r="110"/>
        <zone name="Zone_hen" smin="0" smax="0" dmin="0" dmax="0" x="6747.5" z="5605" r="80"/>
    </territory>
    <territory color="2141891072">
        <zone name="Zone_hen" smin="0" smax="0" dmin="0" dmax="0" x="11975.6" z="3496.88" r="90"/>
        <zone name="Zone_hen" smin="0" smax="0" dmin="0" dmax="0" x="12187.5" z="3523.13" r="90"/>
        <zone name="Zone_hen" smin="0" smax="0" dmin="0" dmax="0" x="11656.9" z="3185.63" r="70"/>
        <zone name="Zone_hen" smin="0" smax="0" dmin="0" dmax="0" x="13530" z="2871.67" r="90"/>
        <zone name="Zone_hen" smin="0" smax="0" dmin="0" dmax="0" x="13248.8" z="3978.75" r="90"/>
    </territory>
    <territory color="2158690048">
        <zone name="Zone_hen" smin="0" smax="0" dmin="0" dmax="0" x="9112.5" z="4090.91" r="82.5"/>
        <zone name="Zone_hen" smin="0" smax="0" dmin="0" dmax="0" x="9159.27" z="3865.91" r="120"/>
    </territory>
    <territory color="2136342272">
        <zone name="Zone_hen" smin="0" smax="0" dmin="0" dmax="0" x="6661.88" z="14465.6" r="120"/>
        <zone name="Zone_hen" smin="0" smax="0" dmin="0" dmax="0" x="6710.63" z="14259.4" r="75"/>
        <zone name="Zone_hen" smin="0" smax="0" dmin="0" dmax="0" x="5451" z="14517" r="75"/>
        <zone name="Zone_hen" smin="0" smax="0" dmin="0" dmax="0" x="5787" z="14388" r="75"/>
    </territory>
    <territory color="2080374783">
        <zone name="Zone_hen" smin="0" smax="0" dmin="0" dmax="0" x="5633.33" z="13161.7" r="120"/>
        <zone name="Zone_hen" smin="0" smax="0" dmin="0" dmax="0" x="5895" z="13567.5" r="120"/>
        <zone name="Zone_hen" smin="0" smax="0" dmin="0" dmax="0" x="5673.75" z="13582.5" r="90"/>
        <zone name="Zone_hen" smin="0" smax="0" dmin="0" dmax="0" x="6103.33" z="13405.4" r="75"/>
    </territory>
    <territory color="2147505663">
        <zone name="Zone_hen" smin="0" smax="0" dmin="0" dmax="0" x="4449.64" z="6408.21" r="127.5"/>
        <zone name="Zone_hen" smin="0" smax="0" dmin="0" dmax="0" x="4667.14" z="6351.43" r="90"/>
    </territory>
    <territory color="2136299007">
        <zone name="Zone_hen" smin="0" smax="0" dmin="0" dmax="0" x="11327.5" z="5515" r="97.5"/>
        <zone name="Zone_hen" smin="0" smax="0" dmin="0" dmax="0" x="11517.5" z="5042.5" r="70"/>
        <zone name="Zone_hen" smin="0" smax="0" dmin="0" dmax="0" x="11167.5" z="5404.5" r="82.5"/>
        <zone name="Zone_hen" smin="0" smax="0" dmin="0" dmax="0" x="11500" z="5507.5" r="75"/>
    </territory>
    <territory color="2147483392">
        <zone name="Zone_hen" smin="0" smax="0" dmin="0" dmax="0" x="5322.36" z="8756.71" r="80"/>
        <zone name="Zone_hen" smin="0" smax="0" dmin="0" dmax="0" x="5356.93" z="8542.07" r="120"/>
    </territory>
    <territory color="2147418239">
        <zone name="Zone_hen" smin="0" smax="0" dmin="0" dmax="0" x="2748.75" z="9976.88" r="130"/>
        <zone name="Zone_hen" smin="0" smax="0" dmin="0" dmax="0" x="2880" z="9742.5" r="97.5"/>
        <zone name="Zone_hen" smin="0" smax="0" dmin="0" dmax="0" x="2520" z="9690" r="127.5"/>
    </territory>
    <territory color="2130749952">
        <zone name="Zone_hen" smin="0" smax="0" dmin="0" dmax="0" x="5269.29" z="10573.9" r="90"/>
        <zone name="Zone_hen" smin="0" smax="0" dmin="0" dmax="0" x="5310" z="11100" r="80"/>
        <zone name="Zone_hen" smin="0" smax="0" dmin="0" dmax="0" x="5888.57" z="11359.3" r="80"/>
        <zone name="Zone_hen" smin="0" smax="0" dmin="0" dmax="0" x="5946.43" z="11198.6" r="80"/>
    </territory>
    <territory color="2164195328">
        <zone name="Zone_hen" smin="0" smax="0" dmin="0" dmax="0" x="1132.71" z="9997.71" r="105"/>
        <zone name="Zone_hen" smin="0" smax="0" dmin="0" dmax="0" x="1307.36" z="10087.5" r="82.5"/>
        <zone name="Zone_hen" smin="0" smax="0" dmin="0" dmax="0" x="1582.36" z="10423.1" r="75"/>
    </territory>
    <territory color="2155970945">
        <zone name="Zone_hen" smin="0" smax="0" dmin="0" dmax="0" x="10485" z="9727.5" r="140"/>
        <zone name="Zone_hen" smin="0" smax="0" dmin="0" dmax="0" x="10304.6" z="9579.58" r="90"/>
        <zone name="Zone_hen" smin="0" smax="0" dmin="0" dmax="0" x="10252.5" z="9813.75" r="97.5"/>
        <zone name="Zone_hen" smin="0" smax="0" dmin="0" dmax="0" x="10593.8" z="9918.75" r="75"/>
    </territory>
    <territory color="2147527295">
        <zone name="Zone_hen" smin="0" smax="0" dmin="0" dmax="0" x="1709.58" z="3743.33" r="127.5"/>
        <zone name="Zone_hen" smin="0" smax="0" dmin="0" dmax="0" x="1723.33" z="3971.67" r="90"/>
    </territory>
    <territory color="2164195583">
        <zone name="Zone_hen" smin="0" smax="0" dmin="0" dmax="0" x="11386.1" z="6621.43" r="100"/>
        <zone name="Zone_hen" smin="0" smax="0" dmin="0" dmax="0" x="11606.8" z="6618.21" r="100"/>
        <zone name="Zone_hen" smin="0" smax="0" dmin="0" dmax="0" x="11136.4" z="6601.93" r="110"/>
        <zone name="Zone_hen" smin="0" smax="0" dmin="0" dmax="0" x="10528.7" z="7016" r="90"/>
    </territory>
    <territory color="2153119615">
        <zone name="Zone_hen" smin="0" smax="0" dmin="0" dmax="0" x="3347.5" z="13222.5" r="150"/>
        <zone name="Zone_hen" smin="0" smax="0" dmin="0" dmax="0" x="3474.17" z="12809.2" r="100"/>
        <zone name="Zone_hen" smin="0" smax="0" dmin="0" dmax="0" x="3286" z="12938.2" r="105"/>
        <zone name="Zone_hen" smin="0" smax="0" dmin="0" dmax="0" x="3862.5" z="12862.5" r="97.5"/>
        <zone name="Zone_hen" smin="0" smax="0" dmin="0" dmax="0" x="4132.5" z="13117.5" r="90"/>
        <zone name="Zone_hen" smin="0" smax="0" dmin="0" dmax="0" x="3960" z="12562.5" r="82.5"/>
        <zone name="Zone_hen" smin="0" smax="0" dmin="0" dmax="0" x="3900" z="13035" r="75"/>
        <zone name="Zone_hen" smin="0" smax="0" dmin="0" dmax="0" x="3189" z="13701.4" r="100"/>
        <zone name="Zone_hen" smin="0" smax="0" dmin="0" dmax="0" x="3743.57" z="13210.7" r="100"/>
    </territory>
    <territory color="2153097983">
        <zone name="Zone_hen" smin="0" smax="0" dmin="0" dmax="0" x="9667.5" z="6540" r="100"/>
        <zone name="Zone_hen" smin="0" smax="0" dmin="0" dmax="0" x="9907.5" z="6716.25" r="70"/>
    </territory>
    <territory color="2147483648">
        <zone name="Zone_hen" smin="0" smax="0" dmin="0" dmax="0" x="12610.7" z="9500.36" r="130"/>
        <zone name="Zone_hen" smin="0" smax="0" dmin="0" dmax="0" x="12280.7" z="9521.79" r="130"/>
        <zone name="Zone_hen" smin="0" smax="0" dmin="0" dmax="0" x="11852.1" z="9222.86" r="112.5"/>
        <zone name="Zone_hen" smin="0" smax="0" dmin="0" dmax="0" x="12312.9" z="9048.21" r="80"/>
        <zone name="Zone_hen" smin="0" smax="0" dmin="0" dmax="0" x="12658.9" z="9870" r="90"/>
        <zone name="Zone_hen" smin="0" smax="0" dmin="0" dmax="0" x="12048.2" z="9394.29" r="82.5"/>
        <zone name="Zone_hen" smin="0" smax="0" dmin="0" dmax="0" x="12065.4" z="9020.36" r="120"/>
        <zone name="Zone_hen" smin="0" smax="0" dmin="0" dmax="0" x="12886.1" z="10195.7" r="80"/>
    </territory>
    <territory color="2074760575">
        <zone name="Zone_hen" smin="0" smax="0" dmin="0" dmax="0" x="12140.1" z="13793.4" r="127.5"/>
        <zone name="Zone_hen" smin="0" smax="0" dmin="0" dmax="0" x="12131" z="13566.5" r="90"/>
        <zone name="Zone_hen" smin="0" smax="0" dmin="0" dmax="0" x="12446.5" z="13564.5" r="70"/>
        <zone name="Zone_hen" smin="0" smax="0" dmin="0" dmax="0" x="11895" z="13873.8" r="75"/>
        <zone name="Zone_hen" smin="0" smax="0" dmin="0" dmax="0" x="12351.3" z="13861.3" r="75"/>
        <zone name="Zone_hen" smin="0" smax="0" dmin="0" dmax="0" x="12011.3" z="13969.4" r="75"/>
    </territory>
    <territory color="2130771967">
        <zone name="Zone_hen" smin="0" smax="0" dmin="0" dmax="0" x="8479.29" z="12812.1" r="150"/>
        <zone name="Zone_hen" smin="0" smax="0" dmin="0" dmax="0" x="8854.64" z="12949.3" r="90"/>
        <zone name="Zone_hen" smin="0" smax="0" dmin="0" dmax="0" x="7956.43" z="13015.7" r="112.5"/>
        <zone name="Zone_hen" smin="0" smax="0" dmin="0" dmax="0" x="7528.21" z="13498.9" r="97.5"/>
        <zone name="Zone_hen" smin="0" smax="0" dmin="0" dmax="0" x="8052.5" z="12500" r="100"/>
        <zone name="Zone_hen" smin="0" smax="0" dmin="0" dmax="0" x="7735.71" z="12558.6" r="90"/>
        <zone name="Zone_hen" smin="0" smax="0" dmin="0" dmax="0" x="8201.43" z="13114.3" r="82.5"/>
        <zone name="Zone_hen" smin="0" smax="0" dmin="0" dmax="0" x="8366.43" z="13025.7" r="82.5"/>
        <zone name="Zone_hen" smin="0" smax="0" dmin="0" dmax="0" x="7683.22" z="13286.8" r="100"/>
        <zone name="Zone_hen" smin="0" smax="0" dmin="0" dmax="0" x="7562.14" z="12852.9" r="75"/>
        <zone name="Zone_hen" smin="0" smax="0" dmin="0" dmax="0" x="7483.75" z="13776.3" r="75"/>
    </territory>
    <territory color="2164238975">
        <zone name="Zone_hen" smin="0" smax="0" dmin="0" dmax="0" x="2627.25" z="12337.5" r="75"/>
        <zone name="Zone_hen" smin="0" smax="0" dmin="0" dmax="0" x="2977.5" z="12394.5" r="110"/>
        <zone name="Zone_hen" smin="0" smax="0" dmin="0" dmax="0" x="2482.5" z="11964" r="70"/>
        <zone name="Zone_hen" smin="0" smax="0" dmin="0" dmax="0" x="2800.5" z="12246" r="110"/>
        <zone name="Zone_hen" smin="0" smax="0" dmin="0" dmax="0" x="2550" z="12860" r="80"/>
    </territory>
    <territory color="2164260735">
        <zone name="Zone_hen" smin="0" smax="0" dmin="0" dmax="0" x="13330.5" z="5439" r="90"/>
        <zone name="Zone_hen" smin="0" smax="0" dmin="0" dmax="0" x="12916.9" z="5583.75" r="90"/>
        <zone name="Zone_hen" smin="0" smax="0" dmin="0" dmax="0" x="12650.6" z="5743.13" r="70"/>
    </territory>
    <territory color="2147549055">
        <zone name="Zone_hen" smin="0" smax="0" dmin="0" dmax="0" x="9467.5" z="13722.5" r="150"/>
        <zone name="Zone_hen" smin="0" smax="0" dmin="0" dmax="0" x="9720" z="13895" r="112.5"/>
        <zone name="Zone_hen" smin="0" smax="0" dmin="0" dmax="0" x="9262.5" z="13550" r="105"/>
        <zone name="Zone_hen" smin="0" smax="0" dmin="0" dmax="0" x="9747.5" z="13152.5" r="82.5"/>
        <zone name="Zone_hen" smin="0" smax="0" dmin="0" dmax="0" x="9345" z="13055" r="75"/>
        <zone name="Zone_hen" smin="0" smax="0" dmin="0" dmax="0" x="10085" z="13305" r="75"/>
        <zone name="Zone_hen" smin="0" smax="0" dmin="0" dmax="0" x="9322.5" z="13932.5" r="75"/>
    </territory>
    <territory color="2141869312">
        <zone name="Zone_hen" smin="0" smax="0" dmin="0" dmax="0" x="5908.93" z="10183.9" r="100"/>
        <zone name="Zone_hen" smin="0" smax="0" dmin="0" dmax="0" x="6002.14" z="10390.7" r="120"/>
    </territory>
    <territory color="2164241672">
        <zone name="Zone_hen" smin="0" smax="0" dmin="0" dmax="0" x="11151.3" z="12458.1" r="150"/>
        <zone name="Zone_hen" smin="0" smax="0" dmin="0" dmax="0" x="10895.6" z="12353.8" r="112.5"/>
        <zone name="Zone_hen" smin="0" smax="0" dmin="0" dmax="0" x="11133.8" z="12063.8" r="90"/>
        <zone name="Zone_hen" smin="0" smax="0" dmin="0" dmax="0" x="10696.9" z="12438.8" r="75"/>
        <zone name="Zone_hen" smin="0" smax="0" dmin="0" dmax="0" x="11572.5" z="12416.3" r="90"/>
        <zone name="Zone_hen" smin="0" smax="0" dmin="0" dmax="0" x="11760" z="12193.1" r="75"/>
        <zone name="Zone_hen" smin="0" smax="0" dmin="0" dmax="0" x="11981.3" z="11968.1" r="90"/>
    </territory>
    <territory color="2130728319">
        <zone name="Zone_hen" smin="0" smax="0" dmin="0" dmax="0" x="1938.75" z="2225.63" r="90"/>
        <zone name="Zone_hen" smin="0" smax="0" dmin="0" dmax="0" x="1749.38" z="2296.88" r="90"/>
    </territory>
    <territory color="2153076095">
        <zone name="Zone_hen" smin="0" smax="0" dmin="0" dmax="0" x="2485.5" z="11008.5" r="112.5"/>
        <zone name="Zone_hen" smin="0" smax="0" dmin="0" dmax="0" x="2266.5" z="11224.5" r="90"/>
        <zone name="Zone_hen" smin="0" smax="0" dmin="0" dmax="0" x="2234" z="10993.5" r="130"/>
        <zone name="Zone_hen" smin="0" smax="0" dmin="0" dmax="0" x="2101.5" z="11307" r="60"/>
    </territory>
    <territory color="2164238848">
        <zone name="Zone_hen" smin="0" smax="0" dmin="0" dmax="0" x="7170" z="7740" r="120"/>
        <zone name="Zone_hen" smin="0" smax="0" dmin="0" dmax="0" x="6926.25" z="7747.5" r="120"/>
    </territory>
    <territory color="2141847679">
        <zone name="Zone_hen" smin="0" smax="0" dmin="0" dmax="0" x="12838.7" z="15071.9" r="100"/>
        <zone name="Zone_hen" smin="0" smax="0" dmin="0" dmax="0" x="13086.7" z="14966.7" r="90"/>
    </territory>
    <territory color="2158668543">
        <zone name="Zone_hen" smin="0" smax="0" dmin="0" dmax="0" x="7893.75" z="14690.6" r="110"/>
    </territory>
    <territory color="2153054463">
        <zone name="Zone_hen" smin="0" smax="0" dmin="0" dmax="0" x="13368" z="6282" r="150"/>
        <zone name="Zone_hen" smin="0" smax="0" dmin="0" dmax="0" x="12352.1" z="6276.25" r="80"/>
        <zone name="Zone_hen" smin="0" smax="0" dmin="0" dmax="0" x="12106.7" z="6288.33" r="80"/>
        <zone name="Zone_hen" smin="0" smax="0" dmin="0" dmax="0" x="12998.3" z="6740" r="100"/>
    </territory>
</territory-type>
